cum_1d,cum_3d,cum_7d,cum_15d,duration_days,storm_intensity_mm_day,latitude,longitude,label
66.9,146.9,216.3,344.5,15,22.966666666666665,26.20450454,91.87202793,1
56.7,142.0,202.0,327.9,15,21.86,26.22247247,91.92053028,1
83.0,156.6,234.7,361.0,15,24.066666666666666,26.1061808,91.85158907,1
83.0,156.6,234.7,361.0,15,24.066666666666666,26.10430759,91.86227824,1
8.7,18.3,63.099999999999994,124.5,15,8.3,25.907233,91.881892,1
83.0,156.6,234.7,361.0,15,24.066666666666666,26.10035658,91.87351723,1
27.3,57.0,147.1,396.9,15,26.459999999999997,26.14547804,91.79364785,1
34.9,54.1,173.6,261.1,15,17.40666666666667,25.8833,91.2,1
68.2,179.4,320.0,503.6,15,33.57333333333334,25.5728,91.885,1
7.7,53.6,463.9,671.4,15,44.76,25.9703,91.8584,1
50.3,87.1,132.1,188.0,15,12.533333333333333,25.5145,90.2023,1
72.1,203.5,342.7,593.6999999999999,15,39.58,25.38,91.88,1
12.4,69.4,130.20000000000002,301.1,15,20.073333333333334,26.1548,91.7351,1
34.5,108.6,208.7,412.7,15,27.513333333333332,26.09748244,91.8744337,1
17.2,23.0,33.6,41.5,2,11.5,25.1622,92.0104,1
46.1,90.4,151.5,217.4,15,14.493333333333334,26.149,91.7351,1
19.2,60.8,95.0,141.6,12,10.141666666666667,26.1475,91.7356,1
55.8,142.1,178.3,248.3,5,33.72,26.1985,91.7998,1
16.6,97.0,168.9,258.2,15,17.21333333333333,25.203,90.5573,1
55.8,142.1,178.3,248.3,5,33.72,26.1314,91.7548,1
30.3,76.6,180.1,307.9,5,35.56,26.1666,91.7042,1
0.0,0.0,0.0,0.2,1,0.0,25.0821,91.7783,1
5.1,5.699999999999999,12.4,12.9,1,5.1,25.1472,91.7483,1
27.8,36.6,216.0,285.6,15,19.040000000000003,26.1407,91.7645,1
24.4,57.199999999999996,299.3,373.40000000000003,15,24.893333333333334,25.5114,90.215,1
27.2,171.9,412.3,564.8000000000001,15,37.653333333333336,25.9611,91.3681,1
50.4,105.5,182.6,190.6,7,26.085714285714285,26.1978,91.7665,1
30.6,86.7,181.6,416.3,15,27.753333333333334,26.19037705,91.77306002,1
40.2,310.6,420.5,504.1,15,33.60666666666667,25.463,92.2121,1
1.3,94.0,302.6,396.0,8,39.725,26.1062,91.8717,1
0.2,0.5,11.4,31.8,1,0.2,25.5006,90.0896,1
21.7,51.599999999999994,75.6,196.9,15,13.126666666666667,26.1662,91.7138,1
55.8,142.1,178.3,248.3,5,33.72,26.1324,91.8342,1
51.9,144.6,229.8,283.6,15,18.90666666666667,25.2568,92.3825,1
55.8,142.1,178.3,248.3,5,33.72,26.1295,91.7056,1
10.0,34.4,134.6,345.0,15,23.0,26.1963,91.8074,1
55.8,142.1,178.3,248.3,5,33.72,26.159,91.8178,1
35.3,132.0,241.0,437.9,15,29.19333333333333,26.1868,91.6739,1
95.7,273.6,380.09999999999997,540.8,15,36.05333333333333,25.4916,91.2698,1
7.1,38.6,168.4,284.5,15,18.966666666666665,26.1619,91.7697,1
12.8,46.6,147.4,544.3,15,36.28666666666666,25.0951,92.3567,1
10.0,23.6,55.2,319.5,15,21.3,25.5576,91.8506,1
125.6,276.1,365.2,425.7,15,28.38,25.5772,91.8666,1
12.2,32.6,83.8,331.0,15,22.066666666666666,25.5498,92.0757,1
7.1,64.5,105.6,143.1,6,17.599999999999998,25.7238,89.9032,1
27.8,36.6,216.0,285.6,15,19.040000000000003,26.1844,91.7896,1
28.1,87.9,276.1,415.0,15,27.666666666666668,26.10973183,91.80317334,1
51.9,144.6,229.8,283.6,15,18.90666666666667,25.1416,92.3807,1
11.7,18.7,127.7,243.3,15,16.220000000000002,26.1961,91.7825,1
66.6,180.39999999999998,312.7,366.59999999999997,15,24.439999999999998,25.0728,92.3636,1
37.1,140.8,171.8,265.1,5,33.9,26.1044,91.7082,1
21.7,51.599999999999994,75.6,196.9,15,13.126666666666667,26.1771,91.7599,1
53.8,185.9,242.1,258.3,11,23.30909090909091,26.1226,91.7162,1
50.4,157.3,217.7,257.5,15,17.166666666666668,25.583,91.893,1
10.0,34.4,134.6,345.0,15,23.0,26.1768,91.7702,1
37.2,152.0,166.0,201.0,4,40.975,25.3433,92.2897,1
29.0,39.2,73.1,108.2,15,7.213333333333334,26.1016,91.6906,1
50.4,105.5,182.6,190.6,7,26.085714285714285,26.1965,91.763,1
28.2,134.9,290.2,409.59999999999997,15,27.306666666666665,26.1028,91.8806,1
0.0,0.0,0.1,0.1,1,0.0,25.0318,92.4584,1
36.9,168.39999999999998,380.59999999999997,425.5,14,30.342857142857145,26.1049,91.7369,1
24.5,47.5,65.6,134.7,4,15.7,26.1309,91.8383,1
3.5,100.19999999999999,465.3,688.0,15,45.86666666666667,26.048,91.8695,1
24.4,57.199999999999996,299.3,373.40000000000003,15,24.893333333333334,25.5084,90.2191,1
58.0,140.8,198.2,267.3,15,17.82,25.2193,90.5549,1
66.9,88.30000000000001,180.5,333.40000000000003,5,19.84,25.5144,90.2167,1
7.9,52.0,385.2,519.8,15,34.65333333333333,25.52,91.27,1
4.5,39.4,114.6,287.3,15,19.153333333333332,26.1964,91.7652,1
6.7,11.9,120.1,369.0,15,24.6,26.1833,91.8,1
0.0,0.6,2.3,130.0,1,0.0,25.9702,91.8587,1
59.4,173.5,247.4,351.9,15,23.459999999999997,25.5212,90.232,1
24.5,47.5,65.6,134.7,4,15.7,26.1665,91.7049,1
0.3,0.7,0.8,1.2,1,0.3,26.1468,91.6469,1
18.3,139.5,225.6,263.8,13,20.192307692307693,25.3612,92.2845,1
10.1,54.699999999999996,84.8,131.1,4,14.7,25.7354,90.3852,1
4.7,96.5,155.3,203.4,7,22.185714285714287,25.8143,90.5763,1
19.0,48.3,153.0,312.7,15,20.846666666666668,26.1966,91.802,1
37.1,140.8,171.8,265.1,5,33.9,26.1097,91.7747,1
37.1,140.8,171.8,265.1,5,33.9,26.1001,91.6849,1
12.5,38.7,162.8,284.3,15,18.953333333333333,26.1699,91.7986,1
0.0,0.0,30.8,72.3,1,0.0,25.178619,92.012806,1
8.8,18.3,201.4,399.6,15,26.64,25.82601444,91.87113067,1
0.0,0.0,0.0,0.5,1,0.0,26.191688,91.810079,1
41.4,102.1,263.8,307.8,9,29.766666666666666,25.43807422,91.79904872,1
0.0,0.1,2.0,5.0,1,0.0,25.51826286,91.9630294,1
1.3,46.8,170.5,199.5,9,20.566666666666666,26.16066111,91.85294885,1
15.1,36.2,36.7,102.5,2,17.95,25.092576,91.763689,1
56.6,97.7,246.20000000000002,316.7,15,21.113333333333333,25.67836832,91.9234343,1
0.3,10.6,38.9,73.8,1,0.3,25.167803,92.019575,1
0.0,0.0,0.0,0.0,1,0.0,25.08734272,91.75063827,1
23.1,74.9,291.4,440.1,15,29.34,25.82860033,91.876717,1
1.9,4.8,63.7,229.3,2,2.2,25.61919207,92.7094701,1
0.0,0.0,0.0,0.5,1,0.0,26.181606,91.772042,1
0.1,0.7,1.8,1.9,1,0.1,26.20450454,91.87202793,0
0.0,0.7,0.7,1.9,1,0.0,26.22247247,91.92053028,0
31.4,111.4,196.8,486.6,15,32.440000000000005,26.1061808,91.85158907,0
3.0,7.1000000000000005,27.1,28.3,2,3.1,26.10430759,91.86227824,0
5.8,48.4,135.5,380.2,15,25.346666666666668,25.907233,91.881892,0
0.0,0.0,4.7,13.100000000000001,1,0.0,26.10035658,91.87351723,0
0.0,0.0,0.7,2.7,1,0.0,26.14547804,91.79364785,0
0.0,1.9,4.1000000000000005,4.1000000000000005,1,0.0,25.8833,91.2,0
0.0,10.7,58.1,413.1,1,0.0,25.5728,91.885,0
0.0,1.1,1.1,1.1,1,0.0,25.9703,91.8584,0
0.1,4.4,29.6,34.0,1,0.1,25.5145,90.2023,0
0.4,0.4,0.4,23.7,1,0.4,25.38,91.88,0
1.9,4.0,88.2,129.6,2,1.6,26.1548,91.7351,0
0.3,3.5,9.4,23.4,1,0.3,26.09748244,91.8744337,0
11.9,63.3,230.4,849.5,15,56.63333333333333,25.1622,92.0104,0
46.1,56.7,125.5,182.9,8,16.212500000000002,26.149,91.7351,0
12.9,17.6,63.6,279.1,2,8.6,26.1475,91.7356,0
0.0,0.1,0.1,1.3,1,0.0,26.1985,91.7998,0
7.6,11.0,27.0,33.0,3,3.6666666666666665,25.203,90.5573,0
0.8,35.6,96.0,247.7,1,0.8,26.1314,91.7548,0
0.3,7.7,20.8,50.9,1,0.3,26.1666,91.7042,0
0.0,0.0,2.4,2.4,1,0.0,25.0821,91.7783,0
0.0,5.9,10.1,10.8,1,0.0,25.1472,91.7483,0
3.6,12.3,20.2,73.8,4,3.55,26.1407,91.7645,0
0.2,0.7,2.8,142.7,1,0.2,25.5114,90.215,0
8.4,15.700000000000001,43.0,97.6,1,8.4,25.9611,91.3681,0
0.0,0.0,0.6,1.2,1,0.0,26.1978,91.7665,0
3.4,3.4,3.4,15.4,1,3.4,26.19037705,91.77306002,0
0.5,0.5,0.7,0.8,1,0.5,25.463,92.2121,0
0.0,0.0,0.0,0.0,1,0.0,26.1062,91.8717,0
0.0,3.6,83.10000000000001,101.8,1,0.0,25.5006,90.0896,0
12.6,21.0,62.199999999999996,176.9,2,10.399999999999999,26.1662,91.7138,0
15.2,43.4,64.9,184.1,5,10.459999999999999,26.1324,91.8342,0
3.7,28.4,55.0,136.8,15,9.120000000000001,25.2568,92.3825,0
0.0,0.0,0.0,4.3999999999999995,1,0.0,26.1295,91.7056,0
0.0,1.2000000000000002,2.8,5.2,1,0.0,26.1963,91.8074,0
0.3,0.3,0.8,2.1,1,0.3,26.159,91.8178,0
17.7,40.199999999999996,84.2,203.0,15,13.533333333333333,26.1868,91.6739,0
7.2,22.700000000000003,33.4,86.0,5,6.44,25.4916,91.2698,0
0.0,1.9,6.800000000000001,12.9,1,0.0,26.1619,91.7697,0
3.9,16.4,38.0,255.1,15,17.006666666666668,25.0951,92.3567,0
8.1,14.6,78.0,293.9,15,19.59333333333333,25.5576,91.8506,0
6.1,32.7,162.0,405.3,15,27.02,25.5772,91.8666,0
9.1,43.2,67.4,115.3,6,11.083333333333334,25.5498,92.0757,0
0.5,0.5,2.7,38.6,1,0.5,25.7238,89.9032,0
0.0,0.4,2.3,29.2,1,0.0,26.1844,91.7896,0
5.7,20.1,38.2,60.1,3,6.7,26.10973183,91.80317334,0
0.0,0.0,0.0,4.1,1,0.0,25.1416,92.3807,0
8.2,21.7,40.099999999999994,158.6,15,10.573333333333332,26.1961,91.7825,0
0.0,0.1,15.4,50.9,1,0.0,25.0728,92.3636,0
7.6,13.7,31.3,48.7,2,6.4,26.1044,91.7082,0
20.8,32.3,57.4,190.4,15,12.693333333333333,26.1771,91.7599,0
0.0,0.0,3.1,28.2,1,0.0,26.1226,91.7162,0
7.3,13.6,27.7,46.2,1,7.3,25.583,91.893,0
0.0,0.0,0.2,0.2,1,0.0,26.1768,91.7702,0
0.0,0.0,0.0,0.0,1,0.0,25.3433,92.2897,0
14.6,54.4,181.1,408.8,15,27.253333333333334,26.1016,91.6906,0
0.0,0.1,1.6,8.4,1,0.0,26.1965,91.763,0
0.0,0.0,0.0,14.8,1,0.0,26.1028,91.8806,0
0.0,0.0,0.0,0.6000000000000001,1,0.0,25.0318,92.4584,0
0.0,3.4,10.2,12.3,1,0.0,26.1049,91.7369,0
7.5,67.6,163.29999999999998,363.1,15,24.206666666666667,26.1309,91.8383,0
24.3,42.0,92.0,418.0,13,31.953846153846158,26.048,91.8695,0
9.0,15.1,67.7,189.0,15,12.6,25.5084,90.2191,0
0.0,15.6,40.6,63.5,1,0.0,25.2193,90.5549,0
34.8,54.699999999999996,62.3,151.1,5,12.0,25.5144,90.2167,0
0.1,0.30000000000000004,25.7,148.8,1,0.1,25.52,91.27,0
0.0,21.8,22.7,22.900000000000002,1,0.0,26.1964,91.7652,0
24.3,111.7,228.3,321.2,12,23.075,26.1833,91.8,0
0.0,0.0,1.9,20.8,1,0.0,25.9702,91.8587,0
0.0,0.0,0.0,0.6,1,0.0,25.5212,90.232,0
0.0,0.0,0.0,0.0,1,0.0,26.1665,91.7049,0
0.0,0.0,0.0,0.0,1,0.0,26.1468,91.6469,0
0.0,0.0,4.8,5.1,1,0.0,25.3612,92.2845,0
0.0,0.0,0.0,6.1,1,0.0,25.7354,90.3852,0
2.4,23.2,74.5,138.9,15,9.26,25.8143,90.5763,0
3.4,9.6,32.699999999999996,50.6,3,3.1999999999999997,26.1966,91.802,0
0.9,1.5,3.8000000000000003,5.8,1,0.9,26.1097,91.7747,0
1.4,5.699999999999999,6.699999999999999,6.699999999999999,2,2.5999999999999996,26.1001,91.6849,0
2.5,19.1,78.3,409.9,15,27.326666666666664,26.1699,91.7986,0
2.1,20.2,32.9,368.7,15,24.58,25.178619,92.012806,0
4.5,33.599999999999994,43.4,52.1,5,8.36,25.82601444,91.87113067,0
1.0,2.2,9.4,55.5,1,1.0,26.191688,91.810079,0
3.1,18.4,84.89999999999999,186.6,8,11.075,25.43807422,91.79904872,0
0.0,0.3,0.3,2.1999999999999997,1,0.0,25.51826286,91.9630294,0
10.6,55.9,125.0,363.7,14,25.935714285714287,26.16066111,91.85294885,0
5.4,30.0,99.2,338.3,15,22.553333333333335,25.092576,91.763689,0
15.3,30.0,69.3,142.1,15,9.473333333333333,25.67836832,91.9234343,0
2.4,5.699999999999999,5.699999999999999,9.2,2,2.3499999999999996,25.167803,92.019575,0
0.0,0.0,1.7000000000000002,9.8,1,0.0,25.08734272,91.75063827,0
0.1,1.6,12.9,42.6,1,0.1,25.82860033,91.876717,0
9.0,23.3,34.1,88.4,4,7.3,25.61919207,92.7094701,0
22.0,75.7,133.9,228.9,4,19.3,26.181606,91.772042,0
0.0,0.0,0.0,0.0,1,0.0,26.20450454,91.87202793,0
43.8,73.5,193.4,273.2,2,36.45,26.22247247,91.92053028,0
0.0,3.4,3.4,19.7,1,0.0,26.1061808,91.85158907,0
11.4,47.4,85.8,122.7,4,15.675,26.10430759,91.86227824,0
0.0,5.300000000000001,5.300000000000001,7.500000000000001,1,0.0,25.907233,91.881892,0
18.3,45.0,65.10000000000001,188.2,12,13.108333333333334,26.10035658,91.87351723,0
0.0,0.3,0.3,0.8,1,0.0,26.14547804,91.79364785,0
0.2,3.3000000000000003,40.7,53.3,1,0.2,25.8833,91.2,0
4.6,39.099999999999994,163.5,335.4,15,22.36,25.5728,91.885,0
0.0,0.0,0.0,0.0,1,0.0,25.9703,91.8584,0
0.0,0.0,0.0,2.2,1,0.0,25.5145,90.2023,0
2.5,29.5,170.5,202.4,11,18.063636363636366,25.38,91.88,0
21.6,48.0,95.5,136.3,13,10.376923076923077,26.1548,91.7351,0
8.8,11.700000000000001,14.100000000000001,28.1,2,5.8500000000000005,26.09748244,91.8744337,0
17.1,57.0,101.6,138.9,7,14.514285714285714,25.1622,92.0104,0
1.3,81.2,157.0,396.0,15,26.4,26.149,91.7351,0
21.9,56.2,125.8,264.6,7,17.97142857142857,26.1475,91.7356,0
0.0,0.0,0.0,0.0,1,0.0,26.1985,91.7998,0
0.0,10.1,56.9,70.7,1,0.0,25.203,90.5573,0
98.2,192.7,238.3,377.1,12,29.458333333333332,26.1314,91.7548,0
0.2,0.2,2.0,2.2,1,0.2,26.1666,91.7042,0
6.9,30.400000000000002,128.0,240.3,15,16.02,25.0821,91.7783,0
6.7,43.800000000000004,308.1,601.4,13,46.23076923076923,25.1472,91.7483,0
4.2,30.3,82.3,197.70000000000002,5,13.74,26.1407,91.7645,0
0.8,10.6,16.3,16.8,1,0.8,25.5114,90.215,0
5.1,27.8,85.7,208.2,11,18.181818181818183,25.9611,91.3681,0
13.5,44.0,106.3,417.1,15,27.80666666666667,26.1978,91.7665,0
0.6,4.6000000000000005,21.7,82.3,1,0.6,26.19037705,91.77306002,0
2.7,5.5,90.60000000000001,122.60000000000001,13,9.253846153846155,25.463,92.2121,0
7.4,14.8,90.6,170.2,9,18.72222222222222,26.1062,91.8717,0
0.0,0.9,0.9,1.0,1,0.0,25.5006,90.0896,0
25.6,80.5,165.5,358.5,15,23.9,26.1662,91.7138,0
40.3,75.3,150.0,201.9,15,13.46,26.1324,91.8342,0
0.0,0.3,1.2,21.299999999999997,1,0.0,25.2568,92.3825,0
12.3,32.6,45.0,77.10000000000001,2,16.3,26.1295,91.7056,0
35.8,52.9,116.69999999999999,265.6,3,17.633333333333333,26.1963,91.8074,0
15.0,41.4,138.3,303.3,11,22.845454545454547,26.159,91.8178,0
0.9,1.4,1.6,3.3000000000000003,1,0.9,26.1868,91.6739,0
0.0,3.5,13.9,90.8,1,0.0,25.4916,91.2698,0
11.3,51.0,199.0,314.2,15,20.946666666666665,26.1619,91.7697,0
0.0,0.0,0.0,1.2,1,0.0,25.0951,92.3567,0
3.1,11.2,29.5,46.1,4,7.25,25.5576,91.8506,0
0.0,0.0,0.0,0.0,1,0.0,25.5772,91.8666,0
0.0,0.0,0.0,0.0,1,0.0,25.5498,92.0757,0
5.7,24.200000000000003,31.3,100.8,5,6.2,25.7238,89.9032,0
68.9,138.9,171.4,197.6,4,42.4,26.1844,91.7896,0
0.0,0.0,0.0,5.2,1,0.0,26.10973183,91.80317334,0
35.3,70.2,244.5,328.2,9,30.988888888888887,25.1416,92.3807,0
6.6,91.0,207.9,394.1,9,28.0,26.1961,91.7825,0
0.0,0.0,0.0,0.0,1,0.0,25.0728,92.3636,0
0.0,0.0,0.0,0.0,1,0.0,26.1044,91.7082,0
0.0,0.0,1.6,1.6,1,0.0,26.1771,91.7599,0
2.7,12.600000000000001,34.7,194.4,13,13.830769230769231,26.1226,91.7162,0
34.2,42.900000000000006,79.2,120.2,15,8.013333333333334,25.583,91.893,0
6.8,22.599999999999998,73.1,249.5,2,11.0,26.1768,91.7702,0
14.2,24.2,62.199999999999996,136.79999999999998,3,8.066666666666666,25.3433,92.2897,0
4.2,48.5,107.7,250.8,15,16.720000000000002,26.1016,91.6906,0
0.0,8.600000000000001,16.8,82.6,1,0.0,26.1965,91.763,0
0.0,0.0,0.0,54.099999999999994,1,0.0,26.1028,91.8806,0
11.0,46.1,99.0,353.5,15,23.566666666666666,25.0318,92.4584,0
0.0,0.0,0.0,3.1,1,0.0,26.1049,91.7369,0
0.0,13.0,20.2,33.0,1,0.0,26.1309,91.8383,0
5.9,35.2,129.7,428.7,15,28.58,26.048,91.8695,0
6.0,20.5,58.4,126.6,12,10.424999999999999,25.5084,90.2191,0
26.3,86.30000000000001,197.7,301.9,15,20.126666666666665,25.2193,90.5549,0
1.2,9.299999999999999,33.6,75.3,1,1.2,25.5144,90.2167,0
15.8,69.6,143.6,293.4,15,19.56,25.52,91.27,0
0.0,0.8,9.1,9.2,1,0.0,26.1964,91.7652,0
10.4,21.8,53.4,123.60000000000001,5,9.6,26.1833,91.8,0
2.8,2.9,3.4,6.699999999999999,1,2.8,25.9702,91.8587,0
0.0,0.0,0.0,1.0,1,0.0,25.5212,90.232,0
0.1,0.2,1.2,1.2,1,0.1,26.1665,91.7049,0
0.0,0.0,0.0,0.0,1,0.0,26.1468,91.6469,0
0.0,1.8,113.1,134.4,1,0.0,25.3612,92.2845,0
10.6,73.2,178.8,335.7,15,22.38,25.7354,90.3852,0
60.6,214.4,416.1,533.0,10,43.62,25.8143,90.5763,0
30.6,85.30000000000001,154.8,272.0,11,20.081818181818182,26.1966,91.802,0
0.0,0.0,2.2,6.9,1,0.0,26.1097,91.7747,0
0.0,0.0,0.0,0.5,1,0.0,26.1699,91.7986,0
0.1,34.3,62.3,68.4,1,0.1,25.178619,92.012806,0
0.0,0.2,3.3,8.1,1,0.0,25.82601444,91.87113067,0
0.0,3.6,27.7,96.8,1,0.0,26.191688,91.810079,0
2.3,3.4,3.4,9.6,2,1.7,25.43807422,91.79904872,0
17.8,272.8,434.3,656.4,15,43.76,25.51826286,91.9630294,0
0.5,31.5,76.0,224.7,1,0.5,26.16066111,91.85294885,0
14.8,42.4,93.3,176.5,5,18.119999999999997,25.092576,91.763689,0
3.1,46.699999999999996,121.2,341.7,15,22.779999999999998,25.67836832,91.9234343,0
16.2,36.8,131.5,293.5,14,20.942857142857143,25.167803,92.019575,0
19.6,31.900000000000002,74.5,289.2,5,14.0,25.08734272,91.75063827,0
0.0,11.0,19.3,34.9,1,0.0,25.82860033,91.876717,0
3.5,38.7,79.2,116.4,13,8.953846153846154,25.61919207,92.7094701,0
11.9,18.5,20.5,23.5,4,5.0,26.181606,91.772042,0
